 id,name
9,Hannah Brady
84,Maria Freeman
52,Sarah Smith
25,Jessica Cook
49,Valerie Lopez
2,Michael Lowery
91,Katelyn Montoya
31,Steven Hernandez
50,Steven Mcdonald
84,Ryan Bowman
51,Jorge Farmer
43,Nicole Bates
45,Beth James
30,Samantha Nixon
52,Henry Edwards
60,Alexandra Roberts
28,Tammy Love
89,Kristen Woods
49,Kathy Moody
3,Brian Park
63,Steven Lowe
1,James Woods
65,Katherine Pearson
90,Jerry King
15,Bruce Carter
84,Felicia Black
49,Alejandro Ballard
97,Emily Hughes
7,Deborah Benson
72,Jamie Montes
28,Mr. Robert Spencer
100,Sarah Smith
99,Christina Logan
72,Ms. Pamela Richmond
71,Christina Wood
50,Andre Chan
82,Adrian Mccoy
15,Jordan Jones
2,Allen Collins
15,Tammy Hill
55,Kimberly Singh
70,Erin Murray
85,Rebekah Luna
9,Chad Walker
48,Dillon Moon
98,Kathleen Clark
14,Michael Lara
5,Kevin Richard
11,Emily Carlson
63,Dennis Thomas
13,Amanda Stone
6,Cynthia Brown
62,William Kent
56,Courtney Morales
75,James Palmer
69,Paul Bates
15,Mary Mooney
82,Holly Parks
24,Rebecca Johnson
66,Joseph Palmer
90,Melissa Austin
41,Sharon Webster
31,Alexandria Green
46,Teresa Holt
100,Virginia Trujillo
43,Timothy Greene
18,Derek Alvarez
7,Audrey Gregory
3,Billy Davis
12,Kevin Haney
2,Dr. Jennifer Larson DDS
35,Deanna Warren
81,Lindsay Yates
56,Alicia Lopez
84,Andrew Stevens
10,Dustin Gregory
10,Samantha Paul
5,Jamie Smith
92,Steven Garza
12,Katherine Huber
97,Kathryn Black
5,Phillip Martinez
2,James Duffy
44,Pamela Acosta
31,Jesse Anthony
24,Danielle Johnson
87,Cynthia Nunez
62,Donna Sparks
61,Michael Walker
28,Brian Thompson
5,Connie Hodges
42,Leslie Terrell
80,Megan Schmidt
99,Donald Cohen
96,Sara Jackson
6,Beth Espinoza
59,Sabrina Morrison
6,Austin Gillespie
74,Crystal Bishop
17,Joseph Hunt
